<?xml version="1.0"?>
<skin version="1.0" name="MediaFreedom" author="TwoFour.co.uk">
  <settings>
    <setting name="backcolor" value="0x000000" />
	<setting name="backcolor" value="0x000000" />
    <setting name="frontcolor" value="0xFFFFFF" />
    <setting name="lightcolor" value="0xFFFFFF" />
    <setting name="screencolor" value="0x000000" />
  </settings>
	<components>
		<component name="controlbar">
		  <layout>
			<group position="left">
				<button name="play" />
				<text name='elapsed' />
			</group>
			<group position="center">
				<slider name="time" />	
			</group>
			<group position="right">
				<divider />
					<text name='duration' />
				<divider />
				<slider name='volume' />
				<button name="captions" />	
				<button name="fullscreen" />
				<button name="capright" />
			</group>
		</layout>
			<settings>
				<setting name="margin" value="0" />
				<setting name="fontsize" value="10" />
			</settings>
			<elements>
				<element name="background" src="background.png" />
				<element name="capLeft" src="capLeft.png" />
				<element name="capRight" src="logoCap.png" />
				<element name="shade" src="background.png" />
				<element name="divider" src="divider.png" />	
				<element name="prevButton" src="prevButton.png" />
				<element name="blankButton" src="blankButton.png" />
				<element name="blankButtonOver" src="blankButton.png" />
				<element name="playButton" src="playButton.png" />
				<element name="playButtonOver" src="playButtonOver.png" />
				<element name="pauseButton" src="pauseButton.png" />
				<element name="pauseButtonOver" src="pauseButtonOver.png" />
				<element name="prevButton" src="prevButton.png" />
				<element name="prevButtonOver" src="prevButtonOver.png" />
				<element name="nextButton" src="nextButton.png" />
				<element name="nextButtonOver" src="nextButtonOver.png" />
				<element name="timeSliderRail" src="timeSliderRail.png" />      							
				<element name="timeSliderBuffer" src="timeSliderBuffer.png" />
				<element name="timeSliderProgress" src="timeSliderProgress.png" />
				<element name="timeSliderThumb" src="timeSliderThumb.png" />
				<element name="fullscreenButton" src="fullscreenButton.png" />
				<element name="fullscreenButtonOver" src="fullscreenButtonOver.png" />
				<element name="normalscreenButton" src="normalscreenButton.png" />
				<element name="normalscreenButtonOver" src="normalscreenButtonOver.png" />
				<element name='logo' src='logo.png' />
				<element name="volumeSliderRail" src="volumeSliderRail.png" />
				<element name="volumeSliderBuffer" src="volumeSliderBuffer.png" />
				<element name="volumeSliderProgress" src="volumeSliderProgress.png" />
			</elements>
		</component>
		<component name="audiodescription">
			<elements>
				<element name="dockIcon" src="dock.png" />
				<element name="controlbarButton" src="controlbar.png" />
			</elements>
		</component>
		<component name="display">
			<elements>
				<element name="background" src="background.png" />
				<element name="playIcon" src="playIcon.png" />
				<element name="muteIcon" src="muteIcon.png" />
				<element name="errorIcon" src="errorIcon.png" />
				<element name="bufferIcon" src="bufferIcon.png" />
			</elements>
		</component>
		<component name="dock">
			<settings>
				<setting name='fontcolor' value='0xffffff' />
			</settings>
			<elements>
				<element name="button" src="button.png" />
				<element name="buttonOver" src="buttonOver.png" />
			</elements>
		</component>
		<component name="playlist">
			<elements>
				<element name="item" src="item.png" />
				<element name="itemOver" src="itemOver.png" />
				<element name="sliderRail" src="sliderRail.png" />
				<element name="sliderThumb" src="sliderThumb.png" />
				<element name="background" src="background.png" />
			</elements>
		</component>	
		<component name="hd">
			<elements>
				<element name="dockIcon" src="dockIcon.png" />
				<element name="controlbarIcon" src="controlbarIcon.png" />
			</elements>
		</component>	
		<component name="captions">
			<elements>
				<element name="dockIcon" src="dockIcon.png" />
				<element name="controlbarButton" src="controlbarButton.png" />
			</elements>
		</component>
		
	</components>

</skin>